{"designerVersion":"1.3.25","favorite":false,"id":"8f2d181b-58ee-41b2-a21f-bbb2fb125632","name":"changePassLivingApp","type":"page","lastUpdate":1479928154652,"rows":[[{"type":"component","dimension":{"xs":12},"propertyValues":{"cssClasses":{"type":"constant","value":""},"hidden":{"type":"constant","value":false},"text":{"type":"interpolation","value":"Change Your Password"},"level":{"type":"constant","value":"Level 2"},"alignment":{"type":"constant","value":"left"}},"reference":"a4f862d5-3d52-43a5-ad5a-ec146c6d44c7","id":"pbTitle"}],[{"type":"formContainer","dimension":{"xs":12},"propertyValues":{"cssClasses":{"type":"constant","value":""},"hidden":{"type":"constant","value":false}},"reference":"e2afb73a-10aa-480f-bb7c-631baffadb85","container":{"type":"container","dimension":{"xs":12},"propertyValues":{},"reference":"2c583dbb-412e-4a42-9154-b386f7852992","rows":[[{"type":"component","dimension":{"xs":12},"propertyValues":{"cssClasses":{"type":"constant","value":""},"hidden":{"type":"constant","value":true},"required":{"type":"constant","value":false},"minLength":{"type":"constant","value":""},"maxLength":{"type":"constant","value":""},"readOnly":{"type":"constant","value":false},"labelHidden":{"type":"constant","value":false},"label":{"type":"interpolation","value":"User ID"},"labelPosition":{"type":"constant","value":"top"},"labelWidth":{"type":"constant","value":4},"placeholder":{"type":"interpolation"},"value":{"type":"variable","value":"currentUser.user_id"},"type":{"type":"constant","value":"password"},"min":{"type":"constant"},"max":{"type":"constant"},"step":{"type":"constant","value":1}},"reference":"d19e1422-433d-4d4e-9f5d-737c92a212c9","id":"pbInput"}],[{"type":"component","dimension":{"xs":6},"propertyValues":{"cssClasses":{"type":"constant","value":""},"hidden":{"type":"constant","value":false},"required":{"type":"constant","value":false},"minLength":{"type":"constant","value":""},"maxLength":{"type":"constant","value":""},"readOnly":{"type":"constant","value":false},"labelHidden":{"type":"constant","value":false},"label":{"type":"interpolation","value":"New Password"},"labelPosition":{"type":"constant","value":"top"},"labelWidth":{"type":"constant","value":4},"placeholder":{"type":"interpolation"},"value":{"type":"variable","value":"newPasswordDetails.newPassword"},"type":{"type":"constant","value":"password"},"min":{"type":"constant"},"max":{"type":"constant"},"step":{"type":"constant","value":1}},"reference":"89f4e2ce-7b46-4caa-a0c7-2cd1146b0f94","id":"pbInput"}],[{"type":"component","dimension":{"xs":6},"propertyValues":{"cssClasses":{"type":"constant","value":""},"hidden":{"type":"constant","value":false},"required":{"type":"constant","value":false},"minLength":{"type":"constant","value":""},"maxLength":{"type":"constant","value":""},"readOnly":{"type":"constant","value":false},"labelHidden":{"type":"constant","value":false},"label":{"type":"interpolation","value":"Confirm Password"},"labelPosition":{"type":"constant","value":"top"},"labelWidth":{"type":"constant","value":4},"placeholder":{"type":"interpolation"},"value":{"type":"variable","value":"newPasswordDetails.confirmPassword"},"type":{"type":"constant","value":"password"},"min":{"type":"constant"},"max":{"type":"constant"},"step":{"type":"constant","value":1}},"reference":"cf34a18d-6383-4df8-807c-2efa3a1c4146","id":"pbInput"}]]}}],[{"type":"component","dimension":{"xs":12},"propertyValues":{"cssClasses":{"type":"constant","value":""},"hidden":{"type":"constant","value":false},"disabled":{"type":"constant","value":false},"label":{"type":"interpolation","value":"Submit"},"alignment":{"type":"constant","value":"left"},"buttonStyle":{"type":"constant","value":"default"},"javascript":{"type":"variable","value":"javascriptVar"}},"reference":"7ee7bb13-b266-4404-962b-5e8362930e00","id":"customJavascriptButton"}]],"assets":[],"inactiveAssets":[],"data":{"javascriptVar":{"type":"expression","value":"return function()\n{\n   var xhr = new XMLHttpRequest();\n    xhr.open(\"PUT\", \"../API/identity/user/\" + $data.currentUser.user_id, false);\n    xhr.setRequestHeader(\"Content-Type\", \"application/json;charset=UTF-8\");\n    var result = xhr.send(JSON.stringify({password:$data.newPasswordDetails.newPassword}));\n    \n    console.log(xhr.status);\n    console.log(xhr.statusText);\n    console.log(xhr.responseText);\n\n}","exposed":false},"newPasswordDetails":{"type":"json","value":"{\n    \"userid\":\"\",\n    \"newPassword\" : \"\",\n    \"confirmPassword\":\"\"\n}","exposed":false},"currentUser":{"type":"url","value":"../API/system/session/unusedid","exposed":false}}}