{"designerVersion":"1.3.25","favorite":false,"id":"customJavascriptButton","name":"javascriptButton","lastUpdate":1479862340138,"template":"<!-- The custom widget template is defined here\n   - You can use standard HTML tags and AngularJS built-in directives, scope and interpolation system\n   - Custom widget properties defined on the right can be used as variables in a templates with properties.newProperty\n   - Functions exposed in the controller can be used with ctrl.newFunction()\n   - You can use the 'environment' property injected in the scope when inside the Editor whiteboard. It allows to define a mockup\n     of the Custom Widget to be displayed in the whiteboard only. By default the widget is represented by an auto-generated icon\n     and its name (See the <span> below).\n-->\n \n<div class=\"text-{{ properties.alignment }}\">\n    <button\n        ng-class=\"'btn btn-' + properties.buttonStyle\"\n        ng-click=\"ctrl.action()\"\n        type=\"button\"\n        ng-disabled=\"properties.disabled || ctrl.busy\" ng-bind-html=\"properties.label | uiTranslate\"></button>\n</div>","controller":"/**\n * The controller is a JavaScript function that augments the AngularJS scope and exposes functions that can be used in the custom widget template\n * \n * Custom widget properties defined on the right can be used as variables in a controller with $scope.properties\n * To use AngularJS standard services, you must declare them in the main function arguments.\n * \n * You can leave the controller empty if you do not need it.\n */\nfunction ($scope, $http, $location, $log, $window) {\n    this.action = function() {\n        $scope.properties.javascript();\n    }\n}","description":"Button executes given javascript","custom":true,"properties":[{"label":"Disabled","name":"disabled","type":"boolean","defaultValue":false,"bond":"expression"},{"label":"Label","name":"label","type":"text","defaultValue":"JS Button","bond":"interpolation"},{"label":"Alignment","name":"alignment","type":"choice","defaultValue":"left","choiceValues":["left","right","center"],"bond":"constant"},{"label":"Style","name":"buttonStyle","type":"choice","defaultValue":"default","choiceValues":["default","primary","success","info","warning","danger","link"],"bond":"constant"},{"label":"JavaScript function variable","name":"javascript","help":"Variable that represents JavaScript function - with syntax \"return function(){...};\"","type":"text","bond":"variable"}],"assets":[],"requiredModules":["ui.bootstrap"],"type":"widget"}